teacher_id,district_id,intervention,satisfaction
1,1,Seminar,85.47108390670384
2,1,Seminar,50.61259995907095
3,1,Seminar,88.2297669364851
4,1,Seminar,90.95550492401628
5,1,Seminar,95.29041427879655
6,1,Seminar,59.00978807883698
7,1,Seminar,77.38733743253738
8,1,Seminar,62.73578457781842
9,1,Seminar,60.34611238767931
10,1,Seminar,73.20980097409047
11,1,Seminar,86.89985118960725
12,1,Seminar,105.54946187830879
13,1,Seminar,60.63859114001555
14,1,Seminar,94.2176269282025
15,1,Seminar,65.26340920451376
16,1,Seminar,97.7468714534932
17,1,Seminar,75.44721656520026
18,1,Seminar,85.19155393309691
19,1,Seminar,63.92877218740448
20,1,Seminar,61.98458512841966
21,1,Seminar,68.61310360631539
22,1,Seminar,77.53685197366414
23,1,Seminar,79.83661423988416
24,1,Seminar,63.995738829026145
25,1,Seminar,81.71126911610034
26,2,Seminar,81.20531172411795
27,2,Seminar,104.24720944723548
28,2,Seminar,74.1499068984248
29,2,Seminar,63.10125655145938
30,2,Seminar,83.54206052783687
31,2,Seminar,102.56832808917476
32,2,Seminar,76.16946936127064
33,2,Seminar,68.00541111200816
34,2,Seminar,55.18532183799531
35,2,Seminar,98.44312111103868
36,2,Seminar,100.35592067660224
37,2,Seminar,100.96391949560373
38,2,Seminar,93.3934115358958
39,2,Seminar,85.7382392700275
40,2,Seminar,102.67841537004855
41,2,Seminar,93.72430203109093
42,2,Seminar,110.71233469092677
43,2,Seminar,101.52286514402029
44,2,Seminar,97.29529242241436
45,2,Seminar,67.66561087801122
46,2,Seminar,96.01132307658129
47,2,Seminar,113.13287843936293
48,2,Seminar,104.29737537224221
49,2,Seminar,104.43789764361595
50,2,Seminar,115.64172418698843
51,2,Seminar,85.21056731545714
52,2,Seminar,106.47734039296282
53,2,Seminar,76.4239897894578
54,2,Seminar,88.80297517771044
55,2,Seminar,70.4302379672059
56,2,Seminar,89.75231815474561
57,2,Seminar,57.914141601480694
58,2,Seminar,86.61221653031527
59,3,Mentoring,80.99221387579655
60,3,Mentoring,95.3674836533263
61,3,Mentoring,89.04587792208171
62,3,Mentoring,92.7504565120557
63,3,Mentoring,81.41354114791089
64,3,Mentoring,82.85391669990686
65,3,Mentoring,101.36587972328769
66,3,Mentoring,65.20885409287965
67,3,Mentoring,114.57381508992509
68,3,Mentoring,74.56075957592086
69,3,Mentoring,119.19843628282788
70,3,Mentoring,70.4384634751161
71,3,Mentoring,102.28228728142922
72,3,Mentoring,102.33857122610581
73,3,Mentoring,91.7909846516868
74,3,Mentoring,105.963318722044
75,3,Mentoring,96.88113591918965
76,3,Mentoring,117.85287120058803
77,3,Mentoring,81.78279552332586
78,3,Mentoring,89.80263567181704
79,4,Mentoring,95.42062786303885
80,4,Mentoring,81.71586273483251
81,4,Mentoring,91.5929446273092
82,4,Mentoring,102.5773735837422
83,4,Mentoring,94.38954534236285
84,4,Mentoring,106.69311357269
85,4,Mentoring,95.9076980402474
86,4,Mentoring,123.82827450142726
87,4,Mentoring,126.5611681837758
88,4,Mentoring,122.56189935823085
89,4,Mentoring,110.79607094938923
90,4,Mentoring,105.83245541429237
91,4,Mentoring,121.88125153996728
92,4,Mentoring,127.05395082076714
93,4,Mentoring,112.7582918307475
94,5,Mentoring,172.363649439631
95,5,Mentoring,163.5117395086538
96,5,Mentoring,179.38336356396704
97,5,Mentoring,136.72764210958852
98,5,Mentoring,178.36520453352213
99,5,Mentoring,187.75641377865117
100,5,Mentoring,165.55931554702042
101,6,Seminar,113.12938175137063
102,6,Seminar,108.45163725687557
103,6,Seminar,115.67138515371457
104,6,Seminar,147.70728390796762
105,6,Seminar,112.21939152251421
106,6,Seminar,112.68084670728538
107,6,Seminar,122.84067820422113
108,6,Seminar,130.7977318590611
109,6,Seminar,136.22904376225944
110,6,Seminar,88.2203417884017
111,6,Seminar,162.15211993200293
112,6,Seminar,115.67348127695608
113,6,Seminar,97.63319846929761
114,6,Seminar,125.78437763615958
115,6,Seminar,127.63769111047118
116,6,Seminar,117.76836666083459
117,6,Seminar,133.5364337752005
118,6,Seminar,113.14468323533123
119,6,Seminar,136.8986665609429
120,6,Seminar,115.59969581716221
121,6,Seminar,124.08342362227296
122,6,Seminar,118.3480619249993
123,6,Seminar,107.16262922795843
124,6,Seminar,169.20648191341505
125,6,Seminar,147.29130448863285
126,6,Seminar,117.5488326029097
127,6,Seminar,114.28370681959433
128,6,Seminar,112.70460114627323
129,6,Seminar,132.4489531604597
130,6,Seminar,110.05165241978088
131,6,Seminar,123.01072450329632
132,6,Seminar,127.18764064398059
133,6,Seminar,136.05304900576724
134,7,Seminar,111.02650111718766
135,7,Seminar,108.25263203185108
136,7,Seminar,112.916388497388
137,7,Seminar,112.48692302422528
138,7,Seminar,100.45453329532971
139,7,Seminar,122.27148390915214
140,7,Seminar,109.5172689388624
141,7,Seminar,114.03577489961111
142,7,Seminar,109.44649972320343
143,7,Seminar,105.88198339710252
144,7,Seminar,118.32257340218929
145,7,Seminar,89.44890217967978
146,7,Seminar,104.6117355087802
147,7,Seminar,102.5226048675002
148,7,Seminar,109.346214943475
149,7,Seminar,110.50572181707015
150,7,Seminar,100.72295470563756
151,7,Seminar,102.18175344450171
152,7,Seminar,108.65756637926103
153,7,Seminar,118.46966967016607
154,7,Seminar,93.43804513180672
155,7,Seminar,70.05396972565883
156,7,Seminar,143.76024466127893
157,7,Seminar,108.37501439867546
158,7,Seminar,98.84616815871118
159,8,Mentoring,122.2196902289667
160,8,Mentoring,103.698245931024
161,8,Mentoring,81.44542391107656
162,8,Mentoring,101.64307830821139
163,8,Mentoring,98.0086270460685
164,8,Mentoring,79.11531167442712
165,8,Mentoring,103.59226928160936
166,8,Mentoring,109.77380585081073
167,8,Mentoring,109.648564815756
168,8,Mentoring,104.39245223885881
169,8,Mentoring,113.1981025681812
170,9,Seminar,99.19138427785667
171,9,Seminar,77.23981631480504
172,9,Seminar,74.66960828358907
173,9,Seminar,105.79496686043191
174,9,Seminar,63.8194941493896
175,9,Seminar,75.3019544844639
176,9,Seminar,101.08087272316502
177,9,Seminar,108.67528974211672
178,9,Seminar,78.98914069954228
179,9,Seminar,77.30371973521801
180,9,Seminar,83.8672597735727
181,9,Seminar,130.4544553896412
182,9,Seminar,90.0454378267764
183,9,Seminar,82.5636494660588
184,9,Seminar,94.15513937778141
185,9,Seminar,74.21008532491074
186,9,Seminar,85.58579696763438
187,10,Mentoring,85.34194026739056
188,10,Mentoring,77.44656254709008
189,10,Mentoring,78.5807323675188
190,10,Mentoring,76.74609613928372
191,10,Mentoring,106.63604084666171
192,10,Mentoring,119.81841350663007
193,10,Mentoring,86.73899219179833
194,10,Mentoring,101.39004699379103
195,10,Mentoring,93.75072773948445
196,10,Mentoring,98.89844180995505
197,10,Mentoring,94.10770227394941
198,10,Mentoring,89.66489005370101
199,10,Mentoring,85.36516015003681
200,10,Mentoring,102.43793821767247
201,10,Mentoring,83.08953290214987
202,10,Mentoring,71.95169799363836
203,10,Mentoring,100.3989748768519
204,10,Mentoring,78.74603990943912
205,10,Mentoring,101.77004125011555
206,10,Mentoring,80.12963436076095
207,10,Mentoring,96.67145542769354
208,10,Mentoring,82.56833608428106
209,10,Mentoring,108.56292787892977
210,11,Mentoring,107.87700653183245
211,11,Mentoring,127.12511882291953
212,11,Mentoring,113.96812775083725
213,11,Mentoring,125.84661791556772
214,11,Mentoring,104.34545138603278
215,11,Mentoring,111.02509556185069
216,11,Mentoring,125.31185727358162
217,11,Mentoring,109.90565171149058
218,11,Mentoring,95.31491956329046
219,11,Mentoring,128.7976010255713
220,11,Mentoring,94.32728342723024
221,11,Mentoring,106.2702458488281
222,11,Mentoring,104.98368626743735
223,11,Mentoring,141.32147748140335
224,11,Mentoring,132.90637164673373
225,11,Mentoring,108.95601146764949
226,11,Mentoring,129.31092824184492
227,11,Mentoring,136.59811632718225
228,11,Mentoring,110.559631371752
229,11,Mentoring,89.700687538444825
230,11,Mentoring,95.90534894115603
231,11,Mentoring,116.21638884784606
232,12,Mentoring,88.50953684819285
233,12,Mentoring,115.17848985598252
234,12,Mentoring,113.54212584400658
235,12,Mentoring,95.78715815371375
236,12,Mentoring,97.47177371844418
237,12,Mentoring,115.16784006077572
238,12,Mentoring,130.14908806887456
239,12,Mentoring,104.43856517409633
240,12,Mentoring,101.05720951542914
241,12,Mentoring,108.32409006708572
242,12,Mentoring,104.61591771778004
243,12,Mentoring,113.68785027928485
244,12,Mentoring,112.67981342972615
245,13,Seminar,94.17780324982131
246,13,Seminar,97.41377300752299
247,13,Seminar,77.53503790109265
248,13,Seminar,90.29788318532245
249,13,Seminar,80.19336404744148
250,13,Seminar,113.85282522467737
251,13,Seminar,92.89344767653864
252,13,Seminar,71.03148462156861
253,13,Seminar,76.96560948547668
254,13,Seminar,99.4226102374183
255,13,Seminar,70.40011450412585
256,13,Seminar,69.5488516604303
257,13,Seminar,42.796540677769855
258,13,Seminar,106.38392060720845
259,13,Seminar,68.57877404168362
260,13,Seminar,99.610679567352
261,13,Seminar,111.869205983406
262,13,Seminar,80.39594177048329
263,13,Seminar,79.4298252176153
264,13,Seminar,66.78615418454089
265,13,Seminar,67.50597859351717
266,13,Seminar,89.17443386059423
267,13,Seminar,83.04530888824453
268,13,Seminar,100.84378016184716
269,13,Seminar,84.49395203223702
270,13,Seminar,96.28169837981702
271,14,Seminar,87.44199516966351
272,14,Seminar,76.67619457179951
273,14,Seminar,73.64631238268697
274,15,Seminar,144.0361406748725
275,15,Seminar,146.62753909491659
276,15,Seminar,138.7842018685127
277,15,Seminar,123.94361671589726
278,15,Seminar,151.9164340879923
279,15,Seminar,138.7640370156412
280,15,Seminar,132.09582168773227
281,15,Seminar,155.15182785381208
282,15,Seminar,112.80702419621937
283,15,Seminar,150.89532017043098
284,15,Seminar,139.4233569285965
285,15,Seminar,124.76107948218805
286,15,Seminar,107.28800674178913
287,15,Seminar,122.16501753873516
288,15,Seminar,128.39133434280174
289,15,Seminar,136.1974586509952
290,15,Seminar,121.3763174919022
291,15,Seminar,128.59486316979687
292,15,Seminar,135.9482237629446
293,16,Seminar,140.01284817230564
294,16,Seminar,135.119170034544
295,16,Seminar,133.5368520214666
296,16,Seminar,135.3906834069251
297,16,Seminar,128.7372118384216
298,16,Seminar,144.08174714148322
299,16,Seminar,134.91088785143083
300,16,Seminar,148.44475747516393
301,16,Seminar,112.3656777429257
302,16,Seminar,109.12191846599234
303,16,Seminar,133.86817956735766
304,16,Seminar,136.86831872652746
305,16,Seminar,109.93149169631428
306,16,Seminar,145.58267430342383
307,16,Seminar,126.22852690853075
308,16,Seminar,122.44780027585199
309,16,Seminar,128.89990213063146
310,16,Seminar,137.23909544212566
311,16,Seminar,118.87357172037422
312,16,Seminar,160.10551886224428
313,17,Seminar,113.30911051278252
314,17,Seminar,139.360454133896
315,17,Seminar,116.27678137340547
316,17,Seminar,122.7926292215998
317,17,Seminar,124.01137012537579
318,17,Seminar,146.69271893011737
319,17,Seminar,115.85949046686726
320,17,Seminar,118.99554214583438
321,17,Seminar,116.11748676474801
322,17,Seminar,111.36646411751369
323,17,Seminar,108.79298366283977
324,17,Seminar,124.70900829981242
325,17,Seminar,133.6851289515208
326,17,Seminar,129.8480650206299
327,17,Seminar,149.25573956198693
328,17,Seminar,147.0181175420143
329,17,Seminar,138.4128159682069
330,17,Seminar,117.05742167999719
331,17,Seminar,137.61841576274583
332,17,Seminar,126.58409389983072
333,17,Seminar,104.18371616516141
334,17,Seminar,120.61054980648825
335,18,Seminar,93.34558309963239
336,18,Seminar,110.78169149024552
337,18,Seminar,87.01526205263315
338,18,Seminar,94.29249273045338
339,18,Seminar,112.62042840035956
340,18,Seminar,109.4234668903384
341,19,Mentoring,100.35731297113311
342,19,Mentoring,107.47872753969838
343,19,Mentoring,112.10939447171486
344,19,Mentoring,130.4842532902659
345,19,Mentoring,130.31151431654342
346,19,Mentoring,135.7649868112496
347,19,Mentoring,136.9820210815863
348,19,Mentoring,122.25410767615261
349,19,Mentoring,123.32741142751871
350,19,Mentoring,110.91586646451158
351,19,Mentoring,115.32536027425469
352,19,Mentoring,108.81907978338701
353,19,Mentoring,113.64524278534302
354,20,Mentoring,114.78493710127901
355,20,Mentoring,131.97608643545811
356,20,Mentoring,138.84529705834703
357,20,Mentoring,103.08388149459482
358,20,Mentoring,121.07452309135753
359,20,Mentoring,128.7884335708317
360,20,Mentoring,115.10127595106677
361,20,Mentoring,77.76069383499635
362,20,Mentoring,119.2399985757753
363,20,Mentoring,97.02443555781633
364,20,Mentoring,116.94929651049323
365,20,Mentoring,108.03557276766229
366,20,Mentoring,127.75518844580237
367,20,Mentoring,120.76108157127939
368,20,Mentoring,123.08505787782521
369,20,Mentoring,132.60505185526307
370,20,Mentoring,74.28198949059814
371,20,Mentoring,109.38429851672936
372,20,Mentoring,80.08194900273676
373,20,Mentoring,100.21347960300008
374,20,Mentoring,124.67580042411456
375,20,Mentoring,103.93973276290997
376,20,Mentoring,137.81566607772578
377,20,Mentoring,116.30323520359013
378,20,Mentoring,111.61731191478906
379,20,Mentoring,116.33198571614284
380,20,Mentoring,131.33731012948832
381,20,Mentoring,115.74893117656256
382,20,Mentoring,107.76684592162948
383,20,Mentoring,104.67249021260308
384,21,Mentoring,121.30813386610919
385,21,Mentoring,84.01528653770858
386,21,Mentoring,99.55339111529896
387,21,Mentoring,72.87404398997555
388,21,Mentoring,127.29867990246616
389,21,Mentoring,96.83777359327094
390,21,Mentoring,84.72451817425879
391,21,Mentoring,111.02673685230333
392,21,Mentoring,99.81893732468879
393,21,Mentoring,76.13522833079475
394,21,Mentoring,103.3003805445724
395,21,Mentoring,112.2878884590206
396,21,Mentoring,113.4612701910508
397,21,Mentoring,89.55436664144004
398,21,Mentoring,115.11039612522873
399,21,Mentoring,88.25246688666819
400,21,Mentoring,89.08110239715941
401,21,Mentoring,106.39048722546893
402,21,Mentoring,108.59486613653227
403,21,Mentoring,82.58501209890854
404,21,Mentoring,101.9172362699008
405,21,Mentoring,74.87599271769663
406,21,Mentoring,106.31583598553723
407,21,Mentoring,85.98301306078382
408,22,Mentoring,101.68287250125736
409,22,Mentoring,101.44630894345244
410,22,Mentoring,114.11315804123592
411,22,Mentoring,119.01474204104653
412,22,Mentoring,118.03753527827958
413,22,Mentoring,107.32770157142185
414,22,Mentoring,103.7406973667409
415,22,Mentoring,112.23567716586909
416,22,Mentoring,85.22948032656761
417,22,Mentoring,100.97081552036306
418,22,Mentoring,140.62191272870382
419,22,Mentoring,115.52754695474356
420,22,Mentoring,131.8185352058981
421,22,Mentoring,109.30518307748972
422,22,Mentoring,110.778763244858
423,22,Mentoring,100.39559711410763
424,22,Mentoring,121.89104187922662
425,22,Mentoring,101.98871970657476
426,22,Mentoring,127.87382624056265
427,22,Mentoring,107.89142098722543
428,23,Seminar,83.62033152207327
429,23,Seminar,70.51795402237465
430,23,Seminar,89.12537474743414
431,23,Seminar,111.32300195734965
432,23,Seminar,107.33058172850433
433,23,Seminar,111.21728311551028
434,23,Seminar,101.10712218807072
435,23,Seminar,104.06301444993552
436,23,Seminar,96.93923309228616
437,23,Seminar,110.18531261699636
438,23,Seminar,95.00443054775899
439,23,Seminar,106.52675203382617
440,23,Seminar,82.44943762818983
441,23,Seminar,83.66264263938527
442,23,Seminar,98.80475150108612
443,23,Seminar,91.16197479143736
444,23,Seminar,80.13861284680665
445,23,Seminar,92.32831706335605
446,24,Mentoring,100.08138766032015
447,24,Mentoring,129.35910214728332
448,24,Mentoring,104.33820083622727
449,24,Mentoring,105.74823271186848
450,24,Mentoring,107.50397167770193
451,24,Mentoring,114.47621045799804
452,24,Mentoring,99.04817741992467
453,24,Mentoring,97.30178437706488
454,24,Mentoring,102.02571128720659
455,24,Mentoring,98.8697999216392
456,24,Mentoring,87.61714649571147
457,24,Mentoring,120.98568552962251
458,24,Mentoring,97.65123922300582
459,25,Mentoring,83.99139126672956
460,25,Mentoring,59.52577823347588
461,25,Mentoring,78.42600648675887
462,25,Mentoring,69.97858545538939
463,25,Mentoring,74.23754434983982
464,25,Mentoring,65.31470292950242
465,25,Mentoring,95.56921689583737
466,25,Mentoring,57.00367146358231
467,25,Mentoring,91.1677466898043
468,25,Mentoring,77.66878972334906
469,25,Mentoring,52.17741701953981
470,25,Mentoring,104.62123146537115
471,25,Mentoring,81.90159588027333
472,25,Mentoring,92.19160680023502
473,25,Mentoring,65.41969057381395
474,25,Mentoring,90.52772713956007
475,25,Mentoring,65.08697793420055
476,25,Mentoring,77.70790868381667
477,25,Mentoring,43.30546336070093
478,25,Mentoring,56.4164468551362
479,25,Mentoring,109.80372517460006
480,25,Mentoring,64.29404098595782
481,25,Mentoring,54.22535913491445
482,25,Mentoring,80.20719323638936
483,25,Mentoring,66.88775195465921
484,25,Mentoring,68.72830543478358
485,25,Mentoring,70.52360607042007
486,26,Seminar,85.64560917696666
487,26,Seminar,104.0255771989576
488,26,Seminar,79.67881262752218
489,26,Seminar,73.78028019033934
490,26,Seminar,86.41601233274068
491,26,Seminar,82.75203139001293
492,26,Seminar,83.47318749440751
493,26,Seminar,72.93783646678027
494,26,Seminar,86.79741636284881
495,26,Seminar,119.73966829218638
496,26,Seminar,74.34732796575511
497,27,Mentoring,55.6475638713501
498,27,Mentoring,77.87721326304212
499,27,Mentoring,59.24485810481272
500,27,Mentoring,62.5851958510235
501,27,Mentoring,61.62406211081273
502,27,Mentoring,60.96491176157556
503,27,Mentoring,87.76635895167837
504,27,Mentoring,64.2836313850734
505,27,Mentoring,59.03119505500489
506,27,Mentoring,102.27193945892232
507,27,Mentoring,86.43475709129137
508,27,Mentoring,48.75460710099655
509,27,Mentoring,69.3727622081164
510,27,Mentoring,62.45258395964189
511,27,Mentoring,63.55612670040323
512,27,Mentoring,62.61460538016503
513,27,Mentoring,50.06653810456235
514,27,Mentoring,105.32261152152688
515,27,Mentoring,78.71022454896296
516,27,Mentoring,72.70261703808654
517,27,Mentoring,54.482485315308935
518,27,Mentoring,65.96534968987125
519,27,Mentoring,83.14999708772007
520,27,Mentoring,38.58924366448526
521,27,Mentoring,58.36305723353699
522,27,Mentoring,77.4134814794498
523,28,Mentoring,99.11503160193637
524,28,Mentoring,114.77063066654638
525,28,Mentoring,106.7367936964442
526,28,Mentoring,100.35056948946041
527,28,Mentoring,111.74584096058025
528,28,Mentoring,107.37655657486157
529,28,Mentoring,116.79384744696257
530,28,Mentoring,117.71350715728838
531,28,Mentoring,100.60881837406406
532,28,Mentoring,79.77335187903886
533,28,Mentoring,117.15850671933822
534,28,Mentoring,108.14734003746712
535,28,Mentoring,108.97898041913822
536,28,Mentoring,112.96966274648683
537,28,Mentoring,115.19404230179748
538,28,Mentoring,109.11517179789543
539,28,Mentoring,113.6090683203697
540,29,Seminar,113.29535920178603
541,29,Seminar,83.29116724674927
542,29,Seminar,110.90439709416077
543,29,Seminar,94.65912381119443
544,29,Seminar,63.941039799074396
545,29,Seminar,103.34919244184798
546,29,Seminar,77.05689487210941
547,29,Seminar,76.3171551767465
548,29,Seminar,91.53598216931199
549,29,Seminar,93.64156357910524
550,29,Seminar,91.21399611044937
551,29,Seminar,73.3008296519363
552,30,Seminar,119.69682130872798
553,30,Seminar,118.10723464242297
554,30,Seminar,121.50473519213784
555,30,Seminar,110.3745984577697
556,30,Seminar,88.06175329972305
557,30,Seminar,120.8158976279104
558,30,Seminar,106.97742959218368
559,30,Seminar,91.64048930460774
560,30,Seminar,77.99774239985751
561,30,Seminar,103.58122176657233
562,30,Seminar,74.22698627513321
563,30,Seminar,118.79895108922547
564,30,Seminar,124.04741048091918
565,30,Seminar,126.21959183795741
566,30,Seminar,99.05910331601163
567,30,Seminar,123.45666337424218
568,30,Seminar,116.09136145821311
569,30,Seminar,117.05847650569795
570,30,Seminar,93.51445173777759
571,30,Seminar,130.45578291167163
572,30,Seminar,116.90392728496076
573,30,Seminar,90.11297361220515
574,30,Seminar,90.44301205092826
575,30,Seminar,93.23421170310047
576,30,Seminar,114.78093076535302
577,30,Seminar,111.79831555761494
578,30,Seminar,105.50368543400914
579,30,Seminar,89.02916311772948
580,30,Seminar,116.46275964016347
581,31,Seminar,95.49032992463627
582,31,Seminar,65.21581108135396
583,31,Seminar,123.14302478723448
584,31,Seminar,97.16136164184432
585,31,Seminar,90.6786456296109
586,31,Seminar,131.29232911307133
587,31,Seminar,104.68449998165497
588,31,Seminar,88.9649240011587
589,31,Seminar,106.90984697916359
590,31,Seminar,130.09852771790807
591,31,Seminar,108.06976498258256
592,31,Seminar,105.53496981752728
593,31,Seminar,77.71576927912551
594,31,Seminar,94.73786236235343
595,32,Seminar,63.32333935984818
596,32,Seminar,65.4846157147684
597,32,Seminar,49.913766545413154
598,32,Seminar,99.85361016637715
599,32,Seminar,56.99383734309449
600,32,Seminar,76.05835241226754
601,32,Seminar,63.00361185698452
602,32,Seminar,56.43712040200486
603,32,Seminar,85.6113741610727
604,32,Seminar,75.24443823192179
605,32,Seminar,59.79810925492741
606,32,Seminar,78.5340705196497
607,32,Seminar,71.24124414399495
608,32,Seminar,63.6270124181343
609,32,Seminar,95.58325294749277
610,32,Seminar,73.26507020375053
611,32,Seminar,81.75780285573431
612,32,Seminar,53.39076408673821
613,32,Seminar,73.4063386542839
614,32,Seminar,61.559990682432804
615,32,Seminar,77.62804302560855
616,32,Seminar,81.36005414223192
617,32,Seminar,104.0617408543937
618,32,Seminar,63.325373186918924
619,32,Seminar,77.56687211808908
620,32,Seminar,94.25828528125999
621,33,Seminar,99.98735921650406
622,33,Seminar,102.16161538544169
623,33,Seminar,62.45743647129909
624,33,Seminar,97.08392330788504
625,33,Seminar,98.38742209039185
626,33,Seminar,107.39061545984234
627,33,Seminar,56.61534733328887
628,33,Seminar,97.97075744212165
629,33,Seminar,91.10920982063321
630,33,Seminar,68.27788217554573
631,33,Seminar,118.72035171474128
632,33,Seminar,102.19448273917111
633,33,Seminar,74.7562339888219
634,33,Seminar,92.4959284207114
635,33,Seminar,58.436213878019
636,33,Seminar,80.7223529595483
637,33,Seminar,84.33810571547971
638,33,Seminar,109.05078475984246
639,33,Seminar,99.99101862903798
640,33,Seminar,110.97103172308157
641,33,Seminar,52.18744642754923
642,33,Seminar,76.54642035978515
643,33,Seminar,114.66270695517018
644,33,Seminar,110.20770580126702
645,34,Mentoring,88.14505845656599
646,34,Mentoring,48.11973219492473
647,34,Mentoring,84.38347901866115
648,34,Mentoring,87.25884623684725
649,34,Mentoring,93.57079984624
650,34,Mentoring,73.66095714961845
651,34,Mentoring,84.6369924873326
652,34,Mentoring,75.94611434255975
653,34,Mentoring,54.980585132544874
654,34,Mentoring,75.7789947464528
655,34,Mentoring,101.77607561866493
656,34,Mentoring,95.29425818370855
657,34,Mentoring,75.30044499837142
658,34,Mentoring,110.64228866535193
659,34,Mentoring,78.1415446771437
660,34,Mentoring,75.19713570873802
661,34,Mentoring,80.5542286412542
662,34,Mentoring,92.11925174220268
663,34,Mentoring,80.45115831692065
664,35,Mentoring,103.91538563731235
665,35,Mentoring,77.99575569691507
666,35,Mentoring,61.271718354417956
667,35,Mentoring,129.35802536327265
668,35,Mentoring,89.82307234307905
669,35,Mentoring,88.09658029952065
670,35,Mentoring,68.49818519208296
671,35,Mentoring,72.12527341432119
672,35,Mentoring,91.13813189514458
673,35,Mentoring,84.55099657565053
674,35,Mentoring,109.35489565565402
675,35,Mentoring,82.21284353736829
676,35,Mentoring,92.53821984169171
677,35,Mentoring,102.23516074966253
678,35,Mentoring,94.09791911068864
679,35,Mentoring,110.56780851564984
680,36,Seminar,81.97754964924823
681,36,Seminar,89.79188743093634
682,36,Seminar,118.29128488163502
683,36,Seminar,77.90024149640426
684,36,Seminar,71.17054519023945
685,36,Seminar,94.58654517611771
686,36,Seminar,99.3432842862395
687,36,Seminar,83.25403466415706
688,36,Seminar,84.56301252802179
689,36,Seminar,89.86022731563196
690,36,Seminar,101.9316829832893
691,36,Seminar,146.9479144264323
692,36,Seminar,127.7826995748365
693,36,Seminar,103.62269664399867
694,36,Seminar,92.70639888843296
695,36,Seminar,109.64334495004533
696,36,Seminar,88.29111946959696
697,36,Seminar,90.25828670871603
698,36,Seminar,104.04208474927498
699,36,Seminar,85.06770600194207
700,37,Seminar,92.67831965041395
701,37,Seminar,89.39673071570185
702,37,Seminar,76.77439527128779
703,37,Seminar,70.81648865321759
704,37,Seminar,89.53371293147663
705,37,Seminar,89.65528756846471
706,37,Seminar,63.632383781529796
707,37,Seminar,70.22320745903932
708,37,Seminar,108.79429055768162
709,37,Seminar,85.73132650360583
710,37,Seminar,94.04360482765165
711,37,Seminar,89.78706121070189
712,37,Seminar,84.22000451932426
713,37,Seminar,95.68827222600409
714,37,Seminar,79.1846406775549
715,37,Seminar,78.70003778503248
716,37,Seminar,70.89998818643834
717,37,Seminar,111.19508460594008
718,37,Seminar,99.57461332111093
719,37,Seminar,96.92739173471728
720,37,Seminar,100.78864051903605
721,38,Seminar,104.56074005133648
722,38,Seminar,97.2442567199639
723,38,Seminar,86.40832825465235
724,38,Seminar,111.41603933875801
725,38,Seminar,141.65383004030932
726,38,Seminar,121.35109702387514
727,38,Seminar,86.40382314006493
728,38,Seminar,102.05921586372057
729,38,Seminar,115.80901937707685
730,38,Seminar,80.27258341409497
731,38,Seminar,98.00789876557327
732,38,Seminar,98.68226404831552
733,38,Seminar,85.0188136364803
734,38,Seminar,120.51997292610572
735,38,Seminar,94.53504627829955
736,38,Seminar,84.86574792053618
737,38,Seminar,122.89475523925616
738,38,Seminar,108.08362103132927
739,38,Seminar,108.71945081569127
740,38,Seminar,122.8795889793027
741,38,Seminar,118.5202058533502
742,39,Seminar,106.95990187725216
743,39,Seminar,109.05678727412327
744,39,Seminar,154.3313066573647
745,39,Seminar,113.66529115229432
746,39,Seminar,121.90835278762498
747,39,Seminar,111.76597618035316
748,39,Seminar,129.1871547436216
749,39,Seminar,105.60341356884511
750,39,Seminar,114.63630528571962
751,39,Seminar,104.77700304628574
752,39,Seminar,100.79645140603552
753,39,Seminar,130.1909278282354
754,39,Seminar,132.607646120203
755,39,Seminar,111.98394792034688
756,39,Seminar,122.89043206566193
757,39,Seminar,105.63919028774355
758,39,Seminar,131.53689092673525
759,39,Seminar,104.00850030141316
760,39,Seminar,111.8874907509985
761,39,Seminar,109.02987741578752
762,39,Seminar,115.89442763646434
763,40,Mentoring,63.24466185275864
764,40,Mentoring,90.29075736632508
765,40,Mentoring,81.95176758299485
766,40,Mentoring,82.80528899250577
767,40,Mentoring,72.1974850605092
768,40,Mentoring,101.46830225536573
769,40,Mentoring,87.22339221560581
770,40,Mentoring,89.05854086657747
771,40,Mentoring,115.47389013809024
772,40,Mentoring,94.97334730615762
773,40,Mentoring,79.35041431442573
774,40,Mentoring,112.34276124562963
775,40,Mentoring,89.84625898695326
776,40,Mentoring,105.88755061621384
777,40,Mentoring,89.9844375299088
778,40,Mentoring,114.6062542288269
779,40,Mentoring,73.49936876571354
780,40,Mentoring,85.56688276932921
781,40,Mentoring,99.52760000014823
782,40,Mentoring,104.09344887457453
783,40,Mentoring,101.34880591847269
784,40,Mentoring,95.72795115157527
785,40,Mentoring,98.10378177395746
786,40,Mentoring,82.12132621881929
787,40,Mentoring,78.63242046332957
788,40,Mentoring,115.07719140246073
789,40,Mentoring,89.16980464918461
790,40,Mentoring,102.69773451091156
791,41,Mentoring,140.93287301516435
792,41,Mentoring,116.56089934714208
793,41,Mentoring,116.00949073548779
794,41,Mentoring,106.97304027508423
795,41,Mentoring,150.5503167649467
796,41,Mentoring,125.37892809456547
797,41,Mentoring,126.6725669962217
798,41,Mentoring,157.96657527180403
799,41,Mentoring,121.78091178456421
800,41,Mentoring,139.47919511843622
801,41,Mentoring,139.04946973675194
802,41,Mentoring,139.74956145885358
803,41,Mentoring,123.58787376638766
804,41,Mentoring,104.975729888725
805,41,Mentoring,129.09989622258178
806,41,Mentoring,132.08955442078127
807,42,Seminar,129.49773524668257
808,42,Seminar,117.76091171730906
809,42,Seminar,110.15698894769612
810,42,Seminar,125.0772607252854
811,42,Seminar,129.47727232825653
812,42,Seminar,113.38290856863259
813,42,Seminar,124.85928935017553
814,42,Seminar,119.16294966399609
815,42,Seminar,120.83292846369339
816,42,Seminar,126.29328647663013
817,42,Seminar,132.66251958684802
818,42,Seminar,141.8002122300438
819,42,Seminar,105.80486543840075
820,42,Seminar,147.01969055993465
821,42,Seminar,107.78110859363844
822,42,Seminar,115.96166569498685
823,42,Seminar,106.54994590811243
824,42,Seminar,105.24442345668987
825,42,Seminar,140.7761712050875
826,42,Seminar,124.6694916820921
827,42,Seminar,119.526792752995
828,42,Seminar,120.58923921068788
829,42,Seminar,125.16001627461871
830,42,Seminar,126.94954675314082
831,42,Seminar,131.2623109014692
832,42,Seminar,124.9230122915109
833,43,Seminar,38.98435523266076
834,43,Seminar,63.79147586927191
835,43,Seminar,56.37051755891267
836,43,Seminar,22.91172598680385
837,43,Seminar,50.238811622456375
838,43,Seminar,47.96663102597785
839,43,Seminar,38.467050944615075
840,43,Seminar,56.51014063534612
841,43,Seminar,71.64136896985944
842,43,Seminar,69.07830945831462
843,43,Seminar,72.21416281755917
844,44,Seminar,119.91337105761143
845,44,Seminar,114.30989989694335
846,44,Seminar,100.15495023602578
847,44,Seminar,119.6226202087428
848,44,Seminar,123.60412700474089
849,44,Seminar,120.28200714123156
850,44,Seminar,148.99894707066005
851,44,Seminar,117.29974963350928
852,44,Seminar,126.64814792921389
853,44,Seminar,118.33965525565006
854,45,Mentoring,105.90621865341652
855,45,Mentoring,103.88728722308696
856,45,Mentoring,94.01309966002614
857,45,Mentoring,113.4957521505701
858,45,Mentoring,105.41300542603315
859,45,Mentoring,89.79358731720197
860,45,Mentoring,98.11799867880441
861,45,Mentoring,86.84269991531917
862,45,Mentoring,68.21670233943101
863,45,Mentoring,113.81754871606134
864,45,Mentoring,116.82059373986766
865,45,Mentoring,94.88379895149967
866,45,Mentoring,143.59987525569332
867,45,Mentoring,112.38550991146566
868,45,Mentoring,90.41441669531673
869,45,Mentoring,92.74185685815111
870,45,Mentoring,134.6182148407549
871,45,Mentoring,110.62658269730555
872,45,Mentoring,111.60678231848932
873,45,Mentoring,91.99782520710988
874,45,Mentoring,110.96733211539258
875,45,Mentoring,102.63755616853987
876,45,Mentoring,107.51103129684437
877,45,Mentoring,101.93936294851004
878,46,Seminar,95.3851626096184
879,46,Seminar,96.60535800948976
880,46,Seminar,122.37997744868319
881,46,Seminar,107.9845597901518
882,46,Seminar,102.67348351884989
883,46,Seminar,106.98251600229105
884,46,Seminar,110.16779322176252
885,46,Seminar,117.67151388357384
886,46,Seminar,105.34513958454633
887,46,Seminar,113.32824176402114
888,46,Seminar,101.62986599528193
889,46,Seminar,116.20211773106888
890,46,Seminar,119.28203306538225
891,46,Seminar,107.93404469125431
892,46,Seminar,122.5450155764763
893,46,Seminar,84.25096168280612
894,46,Seminar,84.40222561365876
895,46,Seminar,77.54571769557042
896,46,Seminar,116.14824955172129
897,46,Seminar,91.11618287867164
898,46,Seminar,74.82773911659044
899,46,Seminar,83.34505447349365
900,46,Seminar,130.02520339528155
901,46,Seminar,91.55253679148099
902,46,Seminar,99.96371429411951
903,46,Seminar,93.49152496171385
904,46,Seminar,114.01818798177482
905,46,Seminar,105.67601809200663
906,46,Seminar,103.61680771208162
907,46,Seminar,95.14497057254698
908,46,Seminar,88.64546115151062
909,46,Seminar,84.86931849684689
910,47,Seminar,56.3133293378519
911,47,Seminar,44.749272626964256
912,47,Seminar,60.87600732239816
913,47,Seminar,52.29301721159686
914,47,Seminar,54.366401181494616
915,47,Seminar,100.98824318992908
916,47,Seminar,56.70391340909774
917,47,Seminar,68.33841198730913
918,47,Seminar,37.87511820897782
919,47,Seminar,81.77654381288374
920,47,Seminar,76.87490037357391
921,47,Seminar,55.51798585796214
922,47,Seminar,75.2562069306375
923,47,Seminar,41.7858078048272
924,47,Seminar,75.26267779011566
925,47,Seminar,62.1052749187587
926,47,Seminar,53.29782319724353
927,47,Seminar,49.661749511160835
928,47,Seminar,79.47654700359445
929,47,Seminar,74.22991314009843
930,47,Seminar,57.14848716006543
931,47,Seminar,69.66218905328778
932,47,Seminar,49.11227653021976
933,47,Seminar,69.21530854588622
934,47,Seminar,70.41874989727998
935,47,Seminar,57.16991963913613
936,47,Seminar,70.5396311182023
937,47,Seminar,50.41874730170388
938,47,Seminar,60.682651989694435
939,48,Mentoring,98.6648100307385
940,48,Mentoring,118.34670396811528
941,48,Mentoring,102.54292186572702
942,48,Mentoring,112.44840653585825
943,48,Mentoring,67.43577426152828
944,48,Mentoring,121.02941507941358
945,48,Mentoring,89.99766627296674
946,48,Mentoring,113.96083779370883
947,48,Mentoring,116.56388406067701
948,48,Mentoring,97.26530251785621
949,48,Mentoring,96.88388840528626
950,48,Mentoring,115.03354821061941
951,48,Mentoring,84.59958892370861
952,48,Mentoring,93.61609485049371
953,48,Mentoring,114.46706089605487
954,48,Mentoring,73.9157748261199
955,48,Mentoring,72.47023072287851
956,48,Mentoring,96.30042404893476
957,48,Mentoring,86.3470227034307
958,48,Mentoring,82.74003602118376
959,48,Mentoring,118.27740325032404
960,48,Mentoring,83.17025795007507
961,48,Mentoring,111.50053620853421
962,48,Mentoring,131.107949567902
963,48,Mentoring,116.88521371197427
964,49,Mentoring,107.18002185320891
965,49,Mentoring,134.51379592680715
966,49,Mentoring,136.34372812560255
967,49,Mentoring,121.55598518876083
968,49,Mentoring,150.37546567384192
969,49,Mentoring,149.1511366842511
970,49,Mentoring,140.31410157425117
971,49,Mentoring,137.16046478751923
972,49,Mentoring,107.59791656015491
973,49,Mentoring,142.44885286174488
974,49,Mentoring,161.48926832257033
975,49,Mentoring,120.90637906457378
976,49,Mentoring,129.83240175534118
977,49,Mentoring,117.19099453310669
978,49,Mentoring,93.78214804190348
979,50,Seminar,107.24743425530411
980,50,Seminar,108.25061350749546
981,50,Seminar,89.21519123157907
982,50,Seminar,69.02388423585859
983,50,Seminar,84.20101603174497
984,50,Seminar,101.90728358437696
985,50,Seminar,95.26359683630179
986,50,Seminar,112.55674506915668
987,50,Seminar,99.02232666753692
988,50,Seminar,94.49125479116583
989,50,Seminar,89.5150625433603
990,50,Seminar,111.5796801340818
991,50,Seminar,107.20074538060986
992,50,Seminar,120.8601791969448
993,50,Seminar,108.58929999699194
994,50,Seminar,112.06026712621158
995,50,Seminar,109.17118442480893
996,50,Seminar,101.6440551147398
997,50,Seminar,103.72003485894216
998,50,Seminar,87.2429776184709
999,50,Seminar,113.64158572028317
1000,51,Seminar,119.02004242979334
1001,51,Seminar,142.85357163247582
1002,51,Seminar,132.03527420668493
1003,51,Seminar,102.09107278385443
1004,51,Seminar,110.1914274471425
1005,51,Seminar,106.88577868275912
1006,51,Seminar,112.57241027211803
1007,51,Seminar,124.41651743045414
1008,51,Seminar,120.66663692668047
1009,51,Seminar,104.84318077151187
1010,51,Seminar,136.4470917114432
1011,51,Seminar,119.874586040457
1012,51,Seminar,140.77076283743483
1013,51,Seminar,117.46668457283808
1014,51,Seminar,131.21723087075299
1015,51,Seminar,101.49175383571374
1016,51,Seminar,114.85414612486122
1017,51,Seminar,118.34011632679105
1018,51,Seminar,94.8844171212585
1019,51,Seminar,101.34289751249469
1020,52,Seminar,73.99319577842348
1021,52,Seminar,56.25588544180589
1022,52,Seminar,66.46471714342947
1023,52,Seminar,48.77108104143956
1024,52,Seminar,65.37244428252478
1025,52,Seminar,71.23624994572089
1026,52,Seminar,57.29468316182138
1027,52,Seminar,64.76655250456294
1028,52,Seminar,69.24528764580428
1029,52,Seminar,57.303693081440414
1030,52,Seminar,81.30319730608444
1031,52,Seminar,87.0798906379118
1032,52,Seminar,47.07089929698699
1033,52,Seminar,80.43088117617772
1034,52,Seminar,65.85873858405728
1035,52,Seminar,88.49076093156377
1036,53,Seminar,145.7512840927427
1037,53,Seminar,121.99374327464423
1038,53,Seminar,122.99304992996427
1039,53,Seminar,118.95329812045748
1040,53,Seminar,128.7226990880078
1041,53,Seminar,141.34012117086795
1042,53,Seminar,143.51576307064283
1043,53,Seminar,156.35987028613977
1044,53,Seminar,115.45637365867404
1045,53,Seminar,130.5294538610933
1046,53,Seminar,144.9426543553357
1047,53,Seminar,142.7678610996183
1048,53,Seminar,117.25296829440722
1049,53,Seminar,141.1676430752851
1050,53,Seminar,141.62173716197339
1051,53,Seminar,141.3481255816706
1052,53,Seminar,123.46561877583787
1053,53,Seminar,142.29750128969974
1054,53,Seminar,152.63475611618048
1055,53,Seminar,123.89548902483189
1056,53,Seminar,128.76950356146583
1057,53,Seminar,122.27621760298786
1058,53,Seminar,144.8644491260582
1059,53,Seminar,152.0787766933366
1060,53,Seminar,128.90214374565878
1061,53,Seminar,104.0027624842787
1062,53,Seminar,143.86415304930716
1063,54,Seminar,94.9967219884982
1064,54,Seminar,89.70690968810742
1065,54,Seminar,84.58941784790868
1066,54,Seminar,102.93573101974924
1067,54,Seminar,96.09723336120429
1068,54,Seminar,89.11464563327648
1069,54,Seminar,120.49190570074826
1070,54,Seminar,98.38067790103749
1071,54,Seminar,107.1937824083756
1072,54,Seminar,107.81654437427363
1073,54,Seminar,78.70559125136369
1074,54,Seminar,117.55618531656118
1075,54,Seminar,114.00993614991302
1076,54,Seminar,109.93522417198682
1077,54,Seminar,105.62118154060313
1078,54,Seminar,95.35223683328671
1079,54,Seminar,124.55937933762564
1080,54,Seminar,106.02040379231275
1081,54,Seminar,93.93392852941567
1082,54,Seminar,101.0659449959233
1083,55,Mentoring,103.75730056340863
1084,55,Mentoring,103.84565379492116
1085,55,Mentoring,90.89599207279144
1086,55,Mentoring,85.45381893794395
1087,55,Mentoring,100.62551952379773
1088,55,Mentoring,95.92562649894113
1089,55,Mentoring,97.93485682199432
1090,55,Mentoring,88.79292894454827
1091,55,Mentoring,123.12909628677542
1092,55,Mentoring,76.7147275276169
1093,55,Mentoring,99.5423351109344
1094,55,Mentoring,94.880355762824
1095,55,Mentoring,89.5560863759471
1096,55,Mentoring,118.23802321092327
1097,55,Mentoring,99.76045327592873
1098,55,Mentoring,110.61726600453194
1099,55,Mentoring,82.8994813644701
1100,55,Mentoring,76.5362665855414
1101,55,Mentoring,111.41746372795325
1102,55,Mentoring,90.39333062655565
1103,55,Mentoring,100.27610461492496
1104,55,Mentoring,105.88299291812905
1105,55,Mentoring,97.73300862498533
1106,56,Mentoring,106.53962041102629
1107,56,Mentoring,119.19839799070472
1108,56,Mentoring,87.42598654300022
1109,56,Mentoring,125.39635431570727
1110,56,Mentoring,112.15620992587702
1111,56,Mentoring,119.76077069731552
1112,56,Mentoring,129.25933121144985
1113,56,Mentoring,118.81268517232134
1114,56,Mentoring,90.79622110014566
1115,56,Mentoring,102.37512410955122
1116,56,Mentoring,117.45703464742142
1117,56,Mentoring,103.45108862507445
1118,56,Mentoring,111.20996349315121
1119,56,Mentoring,105.56377100388701
1120,56,Mentoring,103.2931939126051
1121,56,Mentoring,92.69548615086205
1122,56,Mentoring,88.88554738285805
1123,56,Mentoring,114.23588852210464
1124,56,Mentoring,127.47471180333508
1125,56,Mentoring,103.493314534002
1126,56,Mentoring,106.34913267224701
1127,56,Mentoring,101.77663023500635
1128,56,Mentoring,76.49341856335856
1129,56,Mentoring,116.70893097876986
1130,56,Mentoring,118.26669266691205
1131,57,Mentoring,128.82727646015314
1132,57,Mentoring,113.63095481234211
1133,57,Mentoring,90.95291789188136
1134,57,Mentoring,90.86604021585185
1135,57,Mentoring,123.81336079224212
1136,57,Mentoring,93.48530968634645
1137,57,Mentoring,109.34262361484784
1138,57,Mentoring,128.4227604882577
1139,57,Mentoring,131.3136598805216
1140,57,Mentoring,104.60505124236545
1141,57,Mentoring,121.65376445742133
1142,58,Seminar,81.59740059307165
1143,58,Seminar,77.73948828661163
1144,58,Seminar,94.33666371450116
1145,58,Seminar,83.2854743381195
1146,58,Seminar,104.84082918389196
1147,58,Seminar,90.48001387493467
1148,58,Seminar,119.23459619329569
1149,58,Seminar,107.10717262647056
1150,58,Seminar,106.9432040128333
1151,58,Seminar,123.72650804208489
1152,58,Seminar,77.27087407791566
1153,58,Seminar,99.73228230576004
1154,58,Seminar,82.07783134747417
1155,58,Seminar,105.8527204146126
1156,58,Seminar,91.62541369800715
1157,59,Mentoring,86.09794786613872
1158,59,Mentoring,97.36022457457918
1159,59,Mentoring,86.1836028583854
1160,59,Mentoring,73.42465973249193
1161,59,Mentoring,103.48370563404788
1162,59,Mentoring,94.7734039072396
1163,59,Mentoring,101.05847083347666
1164,59,Mentoring,88.53768955916448
1165,59,Mentoring,115.54838148983963
1166,59,Mentoring,105.23374287345985
1167,59,Mentoring,135.58210631016027
1168,59,Mentoring,100.96795046616869
1169,59,Mentoring,107.8264810116026
1170,59,Mentoring,84.19491683870235
1171,59,Mentoring,140.3735804803293
1172,59,Mentoring,84.99062223354603
1173,59,Mentoring,104.03685096311293
1174,59,Mentoring,132.28545498101803
1175,59,Mentoring,104.26870958083013
1176,59,Mentoring,93.76227755282214
1177,59,Mentoring,92.53762299195157
1178,59,Mentoring,85.73720987875896
1179,59,Mentoring,98.73703708394993
1180,59,Mentoring,111.08621071170603
1181,59,Mentoring,107.74078784179925
1182,59,Mentoring,97.24721657851636
1183,59,Mentoring,120.16419030530251
1184,59,Mentoring,92.12635382414348
1185,59,Mentoring,110.4037655211275
1186,59,Mentoring,98.02705648076375
1187,59,Mentoring,96.95964979304041
1188,60,Seminar,126.12650060661012
1189,60,Seminar,107.8719113515695
1190,60,Seminar,110.62393256839626
1191,60,Seminar,125.36362591013909
1192,60,Seminar,118.68841055044798
1193,60,Seminar,109.24765672694365
1194,60,Seminar,88.98171993955114
1195,60,Seminar,104.70841552140574
1196,60,Seminar,126.46142910307472
1197,60,Seminar,107.63141731959863
1198,60,Seminar,100.74106003585008
1199,60,Seminar,131.40439491858197
1200,61,Mentoring,162.59847373455648
1201,61,Mentoring,137.9399455510623
1202,61,Mentoring,139.22136402580162
1203,61,Mentoring,139.7012650865565
1204,61,Mentoring,121.8980485829804
1205,61,Mentoring,160.63359645500125
1206,61,Mentoring,159.72342731163022
1207,61,Mentoring,125.36936704345352
1208,61,Mentoring,133.1655347147896
1209,61,Mentoring,128.3568692306465
1210,61,Mentoring,157.41048131434346
1211,61,Mentoring,131.1413569968176
1212,61,Mentoring,121.63217456270733
1213,61,Mentoring,126.35705804695249
1214,61,Mentoring,128.52293654003498
1215,61,Mentoring,123.34069516046023
1216,61,Mentoring,134.3860841976569
1217,61,Mentoring,137.25699308308683
1218,61,Mentoring,117.52180733158548
1219,61,Mentoring,160.35975596771837
1220,61,Mentoring,149.00438515074688
1221,61,Mentoring,111.20922600036474
1222,61,Mentoring,139.9740253002599
1223,61,Mentoring,121.10361432274657
1224,61,Mentoring,157.47402061114516
1225,61,Mentoring,159.57527596852952
1226,61,Mentoring,144.61668536479948
1227,62,Seminar,85.2873856471752
1228,62,Seminar,93.3220650264074
1229,62,Seminar,77.38661377267067
1230,62,Seminar,121.06560248898346
1231,62,Seminar,88.88341551849497
1232,62,Seminar,102.46593049281779
1233,62,Seminar,87.04396013993286
1234,62,Seminar,90.50547124079833
1235,62,Seminar,55.715873067709545
1236,62,Seminar,84.88205906070587
1237,62,Seminar,77.11181287853984
1238,62,Seminar,75.42059529945465
1239,62,Seminar,85.80165829199109
1240,62,Seminar,86.54777148031188
1241,62,Seminar,77.98726345949316
1242,62,Seminar,95.13364945432735
1243,62,Seminar,96.85269632993688
1244,62,Seminar,81.68582661487231
1245,62,Seminar,76.56948841073186
1246,63,Mentoring,142.45337135887215
1247,63,Mentoring,108.8653720464805
1248,63,Mentoring,113.75797550158838
1249,63,Mentoring,117.51082822889906
1250,63,Mentoring,129.61507271199275
1251,63,Mentoring,139.72732646064227
1252,63,Mentoring,97.60932680204948
1253,63,Mentoring,91.71962291259761
1254,63,Mentoring,86.07627451919146
1255,63,Mentoring,122.24986328243841
1256,63,Mentoring,98.30698471434381
1257,63,Mentoring,139.07601221752265
1258,63,Mentoring,99.21742289610773
1259,63,Mentoring,131.31882432658003
1260,63,Mentoring,153.12143353896272
1261,64,Seminar,86.1458430679204
1262,64,Seminar,95.86177689472808
1263,64,Seminar,93.33882156811549
1264,64,Seminar,114.833416455556
1265,64,Seminar,104.53370762604453
1266,64,Seminar,127.470842042364
1267,64,Seminar,104.13774080528272
1268,64,Seminar,120.09216080272947
1269,64,Seminar,115.57271895632331
1270,64,Seminar,122.79723617416887
1271,64,Seminar,88.25684631171666
1272,64,Seminar,109.35643925603193
1273,64,Seminar,130.8834795971315
1274,64,Seminar,112.39823286574976
1275,64,Seminar,122.84666715497346
1276,64,Seminar,97.04604369022557
1277,64,Seminar,97.11569503792998
1278,65,Mentoring,111.87695803767386
1279,65,Mentoring,106.02820182321969
1280,65,Mentoring,113.96134146901231
1281,65,Mentoring,117.39349424352257
1282,65,Mentoring,122.67210763623973
1283,65,Mentoring,107.5954197142824
1284,65,Mentoring,106.12107999840582
1285,65,Mentoring,123.71149474362277
1286,65,Mentoring,127.95088073874255
1287,65,Mentoring,116.44855344765897
1288,65,Mentoring,138.62545711363506
1289,65,Mentoring,145.1711981734503
1290,65,Mentoring,148.56673791465764
1291,65,Mentoring,130.403984399237
1292,65,Mentoring,118.87999633439618
1293,65,Mentoring,108.49625843068964
1294,65,Mentoring,71.90666516444264
1295,65,Mentoring,134.38267452931436
1296,65,Mentoring,100.5691279296353
1297,65,Mentoring,128.88519516126962
1298,66,Seminar,99.96605719623753
1299,66,Seminar,131.0022129021892
1300,66,Seminar,96.74870478908032
1301,66,Seminar,107.28889569848538
1302,66,Seminar,96.34639824870591
1303,67,Mentoring,124.41145326535414
1304,67,Mentoring,125.8235197781311
1305,67,Mentoring,156.49470999005456
1306,67,Mentoring,129.4411698484323
1307,67,Mentoring,124.59219282218189
1308,67,Mentoring,115.42935476392039
1309,67,Mentoring,141.0194579122207
1310,67,Mentoring,135.26522569327048
1311,67,Mentoring,129.8312296825752
1312,67,Mentoring,106.6013090628476
1313,67,Mentoring,139.73151943402567
1314,68,Mentoring,76.31650351772157
1315,68,Mentoring,81.31416710745344
1316,68,Mentoring,93.41294966981985
1317,68,Mentoring,106.46317404383234
1318,68,Mentoring,96.81964213848597
1319,68,Mentoring,88.07581634848233
1320,68,Mentoring,81.72150734373845
1321,68,Mentoring,112.66736905596497
1322,68,Mentoring,87.3528451531667
1323,68,Mentoring,88.06189706276848
1324,68,Mentoring,102.86328272427053
1325,68,Mentoring,108.59127767570605
1326,68,Mentoring,108.87217959588664
1327,68,Mentoring,78.23594921818389
1328,68,Mentoring,94.56938178705212
1329,68,Mentoring,100.69575307000409
1330,68,Mentoring,120.01651514983197
1331,68,Mentoring,99.41387140414597
1332,68,Mentoring,85.99822974907003
1333,68,Mentoring,86.27179026915695
1334,68,Mentoring,104.06375237141668
1335,68,Mentoring,127.93467622353515
1336,68,Mentoring,96.17241183050156
1337,68,Mentoring,126.47254571162892
1338,68,Mentoring,63.56000327243578
1339,68,Mentoring,88.49531398370489
1340,68,Mentoring,103.39516583233404
1341,68,Mentoring,111.76405305384588
1342,68,Mentoring,98.43523490020084
1343,68,Mentoring,111.40525058684712
1344,68,Mentoring,65.8239602541958
1345,69,Mentoring,138.1687122824819
1346,69,Mentoring,152.653463342941
1347,69,Mentoring,160.1674582292158
1348,69,Mentoring,149.4817871468307
1349,69,Mentoring,148.6012211542916
1350,69,Mentoring,152.80697380897803
1351,69,Mentoring,145.5645686182343
1352,69,Mentoring,139.64261726287413
1353,69,Mentoring,151.67711588736066
1354,69,Mentoring,146.72053351414723
1355,69,Mentoring,159.1070306787722
1356,69,Mentoring,170.07167107927455
1357,69,Mentoring,152.81142430047902
1358,69,Mentoring,185.32660519875083
1359,69,Mentoring,150.87837073373626
1360,69,Mentoring,153.79373802228235
1361,69,Mentoring,142.16949162652844
1362,69,Mentoring,142.52556276946765
1363,69,Mentoring,163.25565445495997
1364,69,Mentoring,146.4647861890687
1365,69,Mentoring,154.50459980999725
1366,69,Mentoring,151.86887818555215
1367,69,Mentoring,122.63697042867636
1368,69,Mentoring,121.52317845282454
1369,69,Mentoring,139.5513123267044
1370,69,Mentoring,152.49020104457026
1371,69,Mentoring,143.2795997580522
1372,69,Mentoring,132.28342355897644
1373,70,Mentoring,99.23945421053534
1374,70,Mentoring,110.23594030649572
1375,70,Mentoring,128.32043408433486
1376,70,Mentoring,95.95466980988714
1377,70,Mentoring,129.3707364314016
1378,70,Mentoring,126.35933983286176
1379,70,Mentoring,99.90572454792601
1380,70,Mentoring,96.55128129880136
1381,70,Mentoring,113.9346045548022
1382,70,Mentoring,121.35144255239514
1383,70,Mentoring,132.77565762820993
1384,70,Mentoring,87.8479795236644
1385,70,Mentoring,139.29070372681355
1386,70,Mentoring,129.56765673993294
1387,70,Mentoring,104.12620467893612
1388,70,Mentoring,89.42901947004017
1389,70,Mentoring,92.831150229956
1390,71,Seminar,73.35559810752065
1391,71,Seminar,82.7566262799115
1392,71,Seminar,88.8713294550243
1393,71,Seminar,91.8610090650638
1394,71,Seminar,89.58746510639894
1395,71,Seminar,81.84160575523573
1396,71,Seminar,89.06935015648003
1397,71,Seminar,89.33403653082226
1398,71,Seminar,83.6452570075981
1399,71,Seminar,83.01632777947297
1400,72,Seminar,72.21962693939277
1401,72,Seminar,69.97916441316963
1402,72,Seminar,64.83854391354498
1403,72,Seminar,55.79237042084418
1404,72,Seminar,73.3175369821122
1405,72,Seminar,83.86153121060735
1406,72,Seminar,90.3700612579267
1407,72,Seminar,52.78305226936417
1408,72,Seminar,63.03309327441464
1409,72,Seminar,77.82853367683308
1410,72,Seminar,62.55900596795482
1411,72,Seminar,78.56664929614314
1412,72,Seminar,71.29840794877099
1413,72,Seminar,79.52901356958073
1414,72,Seminar,60.811934294412325
1415,72,Seminar,89.64850079446468
1416,72,Seminar,73.1609129839676
1417,72,Seminar,80.09232632828392
1418,72,Seminar,89.63191509525048
1419,72,Seminar,94.54663029421329
1420,72,Seminar,63.34628118966365
1421,72,Seminar,89.91810804031421
1422,72,Seminar,94.59636784072913
1423,73,Seminar,70.88408921107649
1424,73,Seminar,58.10950398377052
1425,73,Seminar,53.18178020189622
1426,73,Seminar,56.34759952098231
1427,73,Seminar,60.21894769601039
1428,73,Seminar,80.6856051646088
1429,73,Seminar,87.25198703753307
1430,73,Seminar,93.33843433461053
1431,73,Seminar,87.66761462921805
1432,73,Seminar,88.32236961515036
1433,73,Seminar,91.34009481520073
1434,73,Seminar,87.68996260362246
1435,73,Seminar,75.44287364663529
1436,73,Seminar,65.62704318302434
1437,73,Seminar,85.44835466012096
1438,73,Seminar,72.62461246997327
1439,73,Seminar,93.87928651561185
1440,73,Seminar,77.20817907504292
1441,73,Seminar,58.95634539062682
1442,73,Seminar,83.30666906531302
1443,73,Seminar,61.73922197370705
1444,74,Mentoring,123.31688123771599
1445,74,Mentoring,101.27303599708088
1446,74,Mentoring,108.46477757407078
1447,74,Mentoring,115.40357196499525
1448,74,Mentoring,127.25777120628146
1449,74,Mentoring,115.85852105630295
1450,74,Mentoring,101.20550009739051
1451,74,Mentoring,109.92389237043592
1452,74,Mentoring,111.28602187170878
1453,74,Mentoring,72.59536784914177
1454,74,Mentoring,109.56070854793101
1455,74,Mentoring,110.96394503522241
1456,74,Mentoring,105.65830414284075
1457,74,Mentoring,97.51386088243066
1458,74,Mentoring,85.52430149063234
1459,74,Mentoring,118.93941295717207
1460,74,Mentoring,115.82521589752754
1461,74,Mentoring,108.49267910582444
1462,74,Mentoring,85.92641062064986
1463,74,Mentoring,90.97973546032664
1464,74,Mentoring,85.89609721235934
1465,74,Mentoring,119.5946042642355
1466,75,Seminar,139.25374392262955
1467,75,Seminar,115.14254432681689
1468,75,Seminar,99.95331377734635
1469,75,Seminar,105.53575697007739
1470,75,Seminar,115.05848688050563
1471,75,Seminar,117.71186950524084
1472,75,Seminar,119.20046200622295
1473,75,Seminar,98.54452267988458
1474,75,Seminar,103.93045195174801
1475,75,Seminar,113.71966011056438
1476,75,Seminar,84.75232792647321
1477,75,Seminar,87.21378890551694
1478,75,Seminar,104.40415233898513
1479,75,Seminar,86.72528210225671
1480,75,Seminar,118.14954439264008
1481,75,Seminar,79.5721836647964
1482,75,Seminar,132.84910858714565
1483,75,Seminar,108.9856145781713
1484,75,Seminar,100.28824972732941
1485,75,Seminar,115.20516951857518
1486,75,Seminar,81.98822833938704
1487,75,Seminar,107.3802259881538
1488,75,Seminar,105.41878405622334
1489,75,Seminar,113.33176792191038
1490,75,Seminar,114.92141914637958
1491,75,Seminar,91.30073771041843
1492,75,Seminar,94.07585995036692
1493,75,Seminar,83.11934791226295
1494,76,Mentoring,96.46588345428617
1495,76,Mentoring,109.32761139303899
1496,76,Mentoring,97.36809193953553
1497,76,Mentoring,101.07981205367987
1498,76,Mentoring,107.02604005530992
1499,76,Mentoring,137.0697038293719
1500,76,Mentoring,124.29158357180661
1501,76,Mentoring,120.65158708222818
1502,76,Mentoring,112.59604239443264
1503,76,Mentoring,113.45454047971647
1504,76,Mentoring,85.68029067004107
1505,76,Mentoring,132.24313566700556
1506,76,Mentoring,92.62914542162696
1507,76,Mentoring,99.61592552774724
1508,76,Mentoring,114.7521525849848
1509,76,Mentoring,88.00798233629598
1510,76,Mentoring,136.4828204383433
1511,76,Mentoring,91.18711244993597
1512,76,Mentoring,120.96190955385191
1513,76,Mentoring,104.14395482709297
1514,76,Mentoring,104.94634955220491
1515,77,Mentoring,89.83856691644598
1516,77,Mentoring,79.48811642123606
1517,77,Mentoring,79.10088733419727
1518,77,Mentoring,103.03855624247525
1519,77,Mentoring,97.03022898298633
1520,77,Mentoring,77.14692876479275
1521,77,Mentoring,58.18244291059501
1522,77,Mentoring,85.24851474630826
1523,77,Mentoring,93.48309475740027
1524,77,Mentoring,83.2330927700483
1525,77,Mentoring,84.88241759658095
1526,78,Seminar,90.82168806523794
1527,78,Seminar,105.18975143660398
1528,78,Seminar,107.58429348230686
1529,78,Seminar,90.62725502159849
1530,78,Seminar,114.42376467632889
1531,78,Seminar,75.59091473294463
1532,78,Seminar,97.61999241752373
1533,78,Seminar,81.62180674656665
1534,78,Seminar,73.65025962023691
1535,78,Seminar,108.90882393112757
1536,78,Seminar,100.03321476947536
1537,78,Seminar,93.88731376601716
1538,78,Seminar,78.99463988052887
1539,78,Seminar,70.5004636094475
1540,78,Seminar,96.13075408243449
1541,78,Seminar,80.04206725522164
1542,78,Seminar,107.76897475867334
1543,78,Seminar,78.1123316599858
1544,78,Seminar,78.73586870385192
1545,78,Seminar,114.4641177971468
1546,78,Seminar,97.26781203905496
1547,78,Seminar,78.14367948333144
1548,78,Seminar,92.04919845287023
1549,79,Mentoring,72.90306618789666
1550,79,Mentoring,84.69814233867525
1551,79,Mentoring,90.46574907546861
1552,79,Mentoring,109.56592113533665
1553,79,Mentoring,114.95713027819357
1554,79,Mentoring,87.70241040960993
1555,79,Mentoring,93.6582735998685
1556,79,Mentoring,110.13667999054468
1557,79,Mentoring,88.67608172001941
1558,79,Mentoring,111.95345461689716
1559,79,Mentoring,110.18199214034354
1560,79,Mentoring,68.21839890139753
1561,79,Mentoring,76.59581337362613
1562,79,Mentoring,107.70516624185997
1563,79,Mentoring,96.9675110465004
1564,80,Mentoring,91.81512880064568
1565,80,Mentoring,108.62716329913702
1566,80,Mentoring,87.72019591714121
1567,80,Mentoring,69.11869274801879
1568,80,Mentoring,72.79899300420546
1569,80,Mentoring,87.11995583821123
1570,80,Mentoring,86.53105431634282
1571,80,Mentoring,85.76941867724
1572,80,Mentoring,74.49882256267855
1573,80,Mentoring,94.76419915911126
1574,80,Mentoring,97.72608416000882
1575,80,Mentoring,87.05383284852486
1576,80,Mentoring,93.81195516140814
1577,80,Mentoring,76.29176736065318
1578,80,Mentoring,86.89565043524941
1579,80,Mentoring,86.71901108060194
1580,80,Mentoring,111.33885824627417
1581,80,Mentoring,99.54434775929607
1582,80,Mentoring,97.92265982222256
1583,80,Mentoring,84.34018280746785
1584,80,Mentoring,103.71285960783013
1585,80,Mentoring,97.56120216666135
1586,81,Seminar,111.44687985208517
1587,81,Seminar,114.99317172532587
1588,81,Seminar,77.11120697671103
1589,81,Seminar,87.1466179825043
1590,81,Seminar,117.1553001744451
1591,81,Seminar,101.23348718414819
1592,81,Seminar,63.396791770777575
1593,81,Seminar,60.693338979408935
1594,82,Seminar,101.24589443198744
1595,82,Seminar,85.65161554730452
1596,82,Seminar,107.34901784838131
1597,82,Seminar,65.11444478845087
1598,82,Seminar,88.49511378262628
1599,82,Seminar,122.89361104111794
1600,82,Seminar,51.17833870380121
1601,82,Seminar,90.02819616196771
1602,82,Seminar,67.56563858456755
1603,82,Seminar,75.7172854322096
1604,82,Seminar,85.06389067460097
1605,82,Seminar,68.81119650390205
1606,82,Seminar,64.79951281365445
1607,82,Seminar,79.82254303406766
1608,82,Seminar,79.94532114436765
1609,82,Seminar,100.93937271755583
1610,82,Seminar,86.42721192811541
1611,82,Seminar,76.84579541384677
1612,82,Seminar,86.18754446510877
1613,82,Seminar,100.41032698334185
1614,82,Seminar,91.49402212273037
1615,82,Seminar,102.60562917410583
1616,82,Seminar,102.13137541185546
1617,82,Seminar,62.15306387953317
1618,82,Seminar,90.51392069985718
1619,82,Seminar,85.97607201217747
1620,83,Mentoring,130.41239883776126
1621,83,Mentoring,121.55509278275036
1622,83,Mentoring,152.18580193627648
1623,83,Mentoring,125.75786172252478
1624,84,Mentoring,142.1200325662925
1625,84,Mentoring,105.09520290205622
1626,84,Mentoring,110.03449247301127
1627,84,Mentoring,119.65474591293001
1628,84,Mentoring,131.13420314434978
1629,84,Mentoring,126.4249372862818
1630,84,Mentoring,124.28870300390452
1631,84,Mentoring,111.3952136511037
1632,84,Mentoring,114.44361645930904
1633,84,Mentoring,124.57314343235285
1634,84,Mentoring,125.99383411306187
1635,84,Mentoring,90.63646067766207
1636,84,Mentoring,154.87612429800703
1637,84,Mentoring,139.85697640865658
1638,84,Mentoring,100.39634524895462
1639,84,Mentoring,109.22796669251667
1640,84,Mentoring,112.27470007390066
1641,84,Mentoring,118.8862626004018
1642,85,Mentoring,102.18269342962526
1643,85,Mentoring,81.2225018751575
1644,85,Mentoring,84.59337679099252
1645,85,Mentoring,62.58913921539078
1646,85,Mentoring,96.38292257731734
1647,85,Mentoring,91.4410588409755
1648,85,Mentoring,92.02867465791854
1649,85,Mentoring,97.48927790739508
1650,85,Mentoring,80.95150639584628
1651,85,Mentoring,117.7035301837074
1652,85,Mentoring,62.29099425986898
1653,85,Mentoring,85.89749551183684
1654,85,Mentoring,87.49973819336705
1655,85,Mentoring,104.81200415004888
1656,85,Mentoring,87.96989769680023
1657,85,Mentoring,84.38594886098151
1658,85,Mentoring,102.20455346423454
1659,85,Mentoring,88.63895502057558
1660,85,Mentoring,96.05185481631575
1661,85,Mentoring,97.43739323410706
1662,85,Mentoring,105.64218918929645
1663,85,Mentoring,90.61396277758135
1664,85,Mentoring,92.98508430487541
1665,85,Mentoring,96.56065751285585
1666,85,Mentoring,86.91879340439677
1667,85,Mentoring,84.65862630603772
1668,85,Mentoring,101.46730000632711
1669,85,Mentoring,106.87349159348793
1670,85,Mentoring,81.15124886990945
1671,86,Seminar,95.16962688219732
1672,86,Seminar,73.09524650433346
1673,86,Seminar,89.97179215979106
1674,86,Seminar,82.42983287587101
1675,86,Seminar,70.61983196395
1676,86,Seminar,76.13888120066787
1677,86,Seminar,77.97432792149944
1678,86,Seminar,51.87466856763568
1679,86,Seminar,88.05117940515231
1680,86,Seminar,75.46159305743669
1681,86,Seminar,63.11449844424223
1682,86,Seminar,86.82714927037252
1683,86,Seminar,102.99282499225981
1684,86,Seminar,67.85904779309328
1685,86,Seminar,88.38200191003784
1686,86,Seminar,94.06334159118494
1687,86,Seminar,76.27481313302145
1688,87,Seminar,84.6219361191239
1689,87,Seminar,82.54287931364874
1690,87,Seminar,75.46890191837414
1691,87,Seminar,100.66630010927004
1692,87,Seminar,90.22942441646008
1693,87,Seminar,102.26373196227834
1694,88,Seminar,73.40131427129134
1695,88,Seminar,98.59497831371692
1696,88,Seminar,83.21584577666867
1697,88,Seminar,68.53817355571017
1698,88,Seminar,88.5527915360304
1699,88,Seminar,90.245442398197
1700,88,Seminar,92.8912524236982
1701,88,Seminar,79.41390765599864
1702,88,Seminar,84.30960610130417
1703,88,Seminar,75.6199881118981
1704,88,Seminar,94.47503120362013
1705,88,Seminar,108.08360497418671
1706,88,Seminar,69.56164604740937
1707,88,Seminar,66.77117774361726
1708,88,Seminar,36.34303157102531
1709,88,Seminar,95.74415936765581
1710,88,Seminar,92.39341797046683
1711,88,Seminar,91.60666774630963
1712,88,Seminar,75.66292722420279
1713,88,Seminar,73.76935918200031
1714,88,Seminar,72.46186565983656
1715,88,Seminar,91.17953136240692
1716,88,Seminar,77.7513921387341
1717,88,Seminar,78.31878591582968
1718,88,Seminar,91.93768298713783
1719,88,Seminar,51.180988280895555
1720,88,Seminar,74.0036877548516
1721,88,Seminar,81.08061751724247
1722,88,Seminar,83.29028471480083
1723,89,Mentoring,100.01318776295673
1724,89,Mentoring,104.91375288562885
1725,89,Mentoring,111.86767827668287
1726,89,Mentoring,120.0271930950765
1727,89,Mentoring,158.4289471813176
1728,89,Mentoring,114.29720530629105
1729,89,Mentoring,126.58489155461852
1730,89,Mentoring,105.59900308832707
1731,89,Mentoring,96.10303577503386
1732,89,Mentoring,91.70475452153971
1733,89,Mentoring,90.59594537603677
1734,89,Mentoring,140.42276610003816
1735,89,Mentoring,114.38260154103183
1736,89,Mentoring,102.19876624118801
1737,89,Mentoring,88.97320205139994
1738,89,Mentoring,112.32332672089642
1739,89,Mentoring,119.5464217111566
1740,89,Mentoring,101.71388402684178
1741,89,Mentoring,116.68915487815778
1742,89,Mentoring,145.4147943924986
1743,89,Mentoring,118.16859429007368
1744,89,Mentoring,101.73764467308092
1745,89,Mentoring,126.08585591098037
1746,89,Mentoring,127.39173536898859
1747,89,Mentoring,91.48657261165008
1748,89,Mentoring,112.18486126866601
1749,89,Mentoring,112.28703303579927
1750,89,Mentoring,116.79363394132399
1751,89,Mentoring,104.42235941507046
1752,90,Seminar,103.84920589313593
1753,90,Seminar,81.16938817179226
1754,90,Seminar,67.6543512833677
1755,90,Seminar,117.28398413476157
1756,90,Seminar,100.08527444812286
1757,90,Seminar,102.9684665932694
1758,90,Seminar,81.89352761412943
1759,90,Seminar,105.80560303996009
1760,90,Seminar,109.15253465908017
1761,90,Seminar,108.19315714704808
1762,90,Seminar,84.94435750331361
1763,90,Seminar,106.9980027724861
1764,90,Seminar,101.80771487827266
1765,90,Seminar,97.60424232905169
1766,90,Seminar,86.8828824584518
1767,90,Seminar,104.89867437669224
1768,90,Seminar,85.55593624095188
1769,90,Seminar,121.39372574538316
1770,90,Seminar,102.8057240610336
1771,90,Seminar,94.95311455898108
1772,90,Seminar,96.19479170477162
1773,90,Seminar,110.57840449599662
1774,90,Seminar,105.29056642707441
1775,90,Seminar,90.59017198176902
1776,90,Seminar,68.00605015135434
1777,90,Seminar,100.74869386262623
1778,90,Seminar,113.37594049971258
1779,90,Seminar,56.167648120418654
1780,90,Seminar,92.22356647223518
1781,90,Seminar,93.439647110464
1782,90,Seminar,97.43405846583752
1783,90,Seminar,111.88644799346193
1784,90,Seminar,66.35960202517718
1785,90,Seminar,111.01365520379625
1786,90,Seminar,99.84949626268116
1787,91,Mentoring,97.9190524087078
1788,91,Mentoring,77.36638809163928
1789,91,Mentoring,83.74261588795515
1790,91,Mentoring,93.63137033128021
1791,91,Mentoring,110.53139803582084
1792,91,Mentoring,80.782683696122
1793,91,Mentoring,95.86131216467705
1794,91,Mentoring,69.18583336100744
1795,91,Mentoring,63.378250621299514
1796,91,Mentoring,96.618422535622
1797,91,Mentoring,87.93842913305957
1798,91,Mentoring,86.13488161342045
1799,91,Mentoring,90.18463295927202
1800,91,Mentoring,94.96244203163751
1801,91,Mentoring,82.89217792512284
1802,91,Mentoring,109.15563129881707
1803,92,Seminar,124.03001522502746
1804,92,Seminar,139.7202689019227
1805,92,Seminar,155.14430248646013
1806,92,Seminar,144.4909178650131
1807,92,Seminar,151.31211263311477
1808,92,Seminar,148.7491655274968
1809,92,Seminar,153.29652431540765
1810,92,Seminar,135.60338799976148
1811,92,Seminar,114.72059941093633
1812,92,Seminar,113.80474032924303
1813,92,Seminar,138.1239866182065
1814,92,Seminar,143.02143315150508
1815,92,Seminar,139.55662192906368
1816,92,Seminar,139.14422383166448
1817,92,Seminar,151.52598173128908
1818,92,Seminar,112.85631466822892
1819,92,Seminar,135.88531037152862
1820,92,Seminar,128.16404036177704
1821,93,Seminar,88.93176621697225
1822,93,Seminar,59.17320007720197
1823,93,Seminar,79.38687871151897
1824,93,Seminar,79.25138182174128
1825,93,Seminar,87.357964508231
1826,93,Seminar,95.85039999697247
1827,93,Seminar,87.00957304369818
1828,93,Seminar,98.06729857119419
1829,93,Seminar,84.61308589564807
1830,93,Seminar,68.31925175497011
1831,93,Seminar,106.38126986439931
1832,93,Seminar,79.92975032475928
1833,93,Seminar,71.81629162744984
1834,93,Seminar,80.38246330690406
1835,93,Seminar,82.99198320346825
1836,93,Seminar,106.1283304252481
1837,93,Seminar,90.47269839743035
1838,93,Seminar,78.56510623799693
1839,93,Seminar,80.9405980916851
1840,93,Seminar,103.49869540032813
1841,93,Seminar,63.943936175690624
1842,93,Seminar,70.56641524308786
1843,93,Seminar,103.01088509902308
1844,94,Seminar,80.7632110268584
1845,94,Seminar,83.95508257655632
1846,94,Seminar,97.56044847891972
1847,94,Seminar,114.31848020285595
1848,94,Seminar,108.27872749334178
1849,94,Seminar,112.95369844939339
1850,94,Seminar,137.30321727151178
1851,94,Seminar,130.43717999697753
1852,95,Seminar,147.63220663197006
1853,95,Seminar,95.12074481442036
1854,95,Seminar,106.60063265286253
1855,95,Seminar,111.5116860165877
1856,95,Seminar,129.10298590283054
1857,95,Seminar,113.68265828137072
1858,95,Seminar,138.72394708862953
1859,95,Seminar,110.55842752296809
1860,95,Seminar,73.31679709032349
1861,95,Seminar,120.08051327886763
1862,95,Seminar,89.64321311169492
1863,95,Seminar,128.72504571202154
1864,95,Seminar,142.2428524816209
1865,96,Seminar,112.80101444240549
1866,96,Seminar,108.0754330706195
1867,96,Seminar,111.59820330122275
1868,96,Seminar,123.19428577769976
1869,96,Seminar,108.8053601012831
1870,96,Seminar,120.65586085489755
1871,96,Seminar,98.44212260142697
1872,96,Seminar,104.77256788717895
1873,96,Seminar,115.94833780375585
1874,96,Seminar,95.78518048760812
1875,96,Seminar,129.41044066627697
1876,96,Seminar,98.92203515395589
1877,96,Seminar,91.43444642607525
1878,96,Seminar,105.50716944305151
1879,96,Seminar,121.27988402757546
1880,96,Seminar,90.0676023209891
1881,96,Seminar,94.75764953433999
1882,96,Seminar,116.59397025082711
1883,97,Seminar,64.42934806880926
1884,97,Seminar,61.033967089340514
1885,97,Seminar,73.09786501407694
1886,97,Seminar,72.64311400570777
1887,97,Seminar,42.030148889370416
1888,97,Seminar,69.87089935744388
1889,97,Seminar,63.17547946036975
1890,97,Seminar,43.03555899020648
1891,97,Seminar,59.63334698695747
1892,97,Seminar,54.06904481502093
1893,97,Seminar,54.040952932561076
1894,97,Seminar,75.24874200752917
1895,97,Seminar,34.0279654344388
1896,97,Seminar,39.87301652777335
1897,97,Seminar,45.67897340351347
1898,97,Seminar,52.504308113339555
1899,97,Seminar,61.11014540833113
1900,97,Seminar,75.5858629468118
1901,97,Seminar,52.52320082929526
1902,97,Seminar,65.40606753336859
1903,97,Seminar,62.97134148292378
1904,97,Seminar,46.52474660137776
1905,98,Mentoring,112.49644725090525
1906,98,Mentoring,74.3856552521236
1907,98,Mentoring,95.00233047335001
1908,98,Mentoring,73.1256464874465
1909,98,Mentoring,104.65559240403789
1910,98,Mentoring,71.14158787156352
1911,98,Mentoring,77.11526480856193
1912,98,Mentoring,77.90675208619949
1913,98,Mentoring,88.3642655084382
1914,98,Mentoring,82.78976589830769
1915,98,Mentoring,65.15979622407028
1916,98,Mentoring,102.52686334434993
1917,98,Mentoring,84.40858658377293
1918,98,Mentoring,65.6204035229736
1919,98,Mentoring,109.07602969133163
1920,98,Mentoring,85.357659337645
1921,98,Mentoring,85.33707187112931
1922,98,Mentoring,95.31851648359896
1923,98,Mentoring,80.66622059513983
1924,98,Mentoring,100.29807163832686
1925,99,Seminar,86.60647749676414
1926,99,Seminar,63.43192653488203
1927,99,Seminar,59.71524485270336
1928,99,Seminar,60.41739457974822
1929,99,Seminar,60.857499650238196
1930,99,Seminar,66.09334144634349
1931,99,Seminar,45.15746327374342
1932,99,Seminar,57.60303866491057
1933,99,Seminar,76.44496564867754
1934,99,Seminar,74.68112019357683
1935,99,Seminar,62.87422842085206
1936,99,Seminar,73.42025569222145
1937,99,Seminar,29.896692575288498
1938,99,Seminar,71.32139065882878
1939,99,Seminar,71.93350637088221
1940,99,Seminar,73.55664897407787
1941,99,Seminar,82.96695585282987
1942,99,Seminar,100.79505181566739
1943,99,Seminar,56.968122175320474
1944,99,Seminar,64.81968542362772
1945,99,Seminar,106.49467757959604
1946,99,Seminar,89.62366446097789
1947,99,Seminar,83.17228760734037
1948,99,Seminar,102.81685961784365
1949,99,Seminar,69.31613455826957
1950,99,Seminar,88.42661819890168
1951,99,Seminar,52.69630856110184
1952,99,Seminar,56.110427387972635
1953,99,Seminar,74.82378787095527
1954,99,Seminar,84.62250490582979
1955,99,Seminar,82.75469429570529
1956,99,Seminar,73.56663419488022
1957,99,Seminar,76.75526802638234
1958,99,Seminar,111.34741736920455
1959,99,Seminar,57.55885363919754
1960,100,Mentoring,100.63196308997735
1961,100,Mentoring,91.52254492368935
1962,100,Mentoring,84.8932779436695
1963,100,Mentoring,105.48576115666295
1964,100,Mentoring,119.20788915924653
1965,100,Mentoring,98.36229566222956
1966,100,Mentoring,104.05672161415758
1967,100,Mentoring,80.71980861345993
1968,100,Mentoring,100.38110430641933
1969,100,Mentoring,77.14240630683317
1970,100,Mentoring,87.58594381325385
1971,100,Mentoring,95.87464346936034
1972,100,Mentoring,79.97454151486468
1973,100,Mentoring,118.59589819494867
1974,100,Mentoring,97.53245377306453
1975,100,Mentoring,91.32489391172919
1976,100,Mentoring,77.89690329368531
1977,100,Mentoring,96.61613022755473
1978,100,Mentoring,87.69586963971474
1979,100,Mentoring,125.61625681537753
1980,100,Mentoring,74.18593645634176
1981,100,Mentoring,96.46918121231532
1982,100,Mentoring,73.72404691662646
